{"type":"Design","zone":null,"children":[{"type":"Page","properties":{"id":"page1","title":"BBS - Mobile","theme":"a","background":"images/bgm.png"},"children":[{"type":"Header","zone":"top","properties":{"text":"BBS - Mobile","id":"header","position":"fixed","theme":"c","background":"images/bgm.png"},"children":[{"type":"Navbar","zone":"bottom","properties":{"id":"navi"},"children":[{"type":"Button","properties":{"text":"Home","target":"#page1","theme":"a","transition":"fade","id":"button2","icon":"home"}},{"type":"Button","properties":{"text":"Forums","transition":"fade","theme":"a","id":"button2","icon":"info","target":"http://forums.brainbreadsource.com/"}},{"type":"Button","properties":{"id":"button3","text":"The Dev Team","transition":"fade","theme":"a","icon":"star","target":"#page2"}}]}]},{"type":"Content","zone":"content","children":[{"type":"Div","properties":{"id":"centernews"}}]},{"type":"Footer","zone":"bottom","properties":{"text":"&#169; 2013 BBS Devs","position":"fixed","id":"footer","theme":"a","background":"images/bgm.png"}}]},{"type":"Page","properties":{"id":"page2","theme":"a","title":"BBS Dev Team","background":"images/bgm.png"},"children":[{"type":"Header","zone":"top","properties":{"id":"head","text":"The Dev Team","position":"fixed","background":"images/bgm.png","theme":"a"},"children":[{"type":"Navbar","zone":"bottom","properties":{"id":"navi"},"children":[{"type":"Button","properties":{"id":"button1","text":"Home","target":"#page1","transition":"fade","icon":"home","theme":"a"}},{"type":"Button","properties":{"id":"button2","text":"Forums","target":"http://forums.brainbreadsource.com/","transition":"fade","icon":"info","theme":"a"}},{"type":"Button","properties":{"theme":"a","icon":"star","transition":"fade","target":"#page2","id":"button3","text":"The Dev Team"}}]}]},{"type":"Content","zone":"content","children":[{"type":"Div","properties":{"id":"maincenter"}}]},{"type":"Footer","zone":"bottom","properties":{"theme":"a","position":"fixed","background":"images/bgm.png","id":"footer","text":"&#169; 2013 BBS Devs"}}]}],"pInfo":{"name":"bbsmobile","accessDate":1368138352855,"device":{"name":"Phones","screenWidth":320,"screenHeight":480,"rotating":false},"theme":"Default"}}